Segment,Sequence_number,Generic_number,Backbone_template,Rotamer_template
N-term,1,None,None,None
N-term,2,None,None,None
N-term,3,None,None,None
N-term,4,None,None,None
N-term,5,None,None,None
N-term,6,None,None,None
N-term,7,None,None,None
N-term,8,None,None,None
N-term,9,None,None,None
N-term,10,None,None,None
N-term,11,None,None,None
N-term,12,None,None,None
N-term,13,None,None,None
N-term,14,None,None,None
N-term,15,None,None,None
N-term,16,None,None,None
N-term,17,None,None,None
N-term,18,None,None,None
N-term,19,None,None,None
N-term,20,None,None,None
N-term,21,None,None,None
N-term,22,None,8GUR,8GUR
N-term,23,None,8GUR,8GUR
N-term,24,None,8GUR,8GUR
N-term,25,None,8GUR,8GUR
N-term,26,None,8GUR,8GUR
N-term,27,None,8GUR,8GUR
N-term,28,None,8GUR,8GUR
TM1,29,1x28,8GUR,8GUR
TM1,30,1x29,8GUR,8GUR
TM1,31,1x30,8GUR,8GUR
TM1,32,1x31,8GUR,8GUR
TM1,33,1x32,8GUR,8GUR
TM1,34,1x33,8GUR,8GUR
TM1,35,1x34,8GUR,8GUR
TM1,36,1x35,8GUR,8GUR
TM1,37,1x36,8GUR,8GUR
TM1,38,1x37,8GUR,8GUR
TM1,39,1x38,8GUR,8GUR
TM1,40,1x39,8GUR,8GUR
TM1,41,1x40,8GUR,8GUR
TM1,42,1x41,8GUR,8GUR
TM1,43,1x42,8GUR,8GUR
TM1,44,1x43,8GUR,8GUR
TM1,45,1x44,8GUR,8GUR
TM1,46,1x45,8GUR,8GUR
TM1,47,1x46,8GUR,8GUR
TM1,48,1x47,8GUR,8GUR
TM1,49,1x48,8GUR,8GUR
TM1,50,1x49,8GUR,8GUR
TM1,51,1x50,8GUR,8GUR
TM1,52,1x51,8GUR,8GUR
TM1,53,1x52,8GUR,8GUR
TM1,54,1x53,8GUR,8GUR
TM1,55,1x54,8GUR,8GUR
TM1,56,1x55,8GUR,8GUR
TM1,57,1x56,8GUR,8GUR
TM1,58,1x57,8GUR,8GUR
TM1,59,1x58,8GUR,8GUR
TM1,60,1x59,8GUR,8GUR
TM1,61,1x60,8GUR,8GUR
ICL1,62,12x48,8GUR,8GUR
ICL1,63,12x49,8GUR,8GUR
ICL1,64,12x50,8GUR,8GUR
ICL1,65,12x51,8GUR,8GUR
ICL1,66,None,8GUR,8GUR
TM2,67,2x37,8GUR,8GUR
TM2,68,2x38,8GUR,8GUR
TM2,69,2x39,8GUR,8GUR
TM2,70,2x40,8GUR,8GUR
TM2,71,2x41,8GUR,8GUR
TM2,72,2x42,8GUR,8GUR
TM2,73,2x43,8GUR,8GUR
TM2,74,2x44,8GUR,8GUR
TM2,75,2x45,8GUR,8GUR
TM2,76,2x46,8GUR,8GUR
TM2,77,2x47,8GUR,8GUR
TM2,78,2x48,8GUR,8GUR
TM2,79,2x49,8GUR,8GUR
TM2,80,2x50,8GUR,8GUR
TM2,81,2x51,8GUR,8GUR
TM2,82,2x52,8GUR,8GUR
TM2,83,2x53,8GUR,8GUR
TM2,84,2x54,8GUR,8GUR
TM2,85,2x55,8GUR,8GUR
TM2,86,2x56,8GUR,8GUR
TM2,87,2x57,8GUR,8GUR
TM2,88,2x58,8GUR,8GUR
TM2,89,2x59,8GUR,8GUR
TM2,90,2x60,8GUR,8GUR
TM2,91,2x61,8GUR,8GUR
TM2,92,2x62,8GUR,8GUR
TM2,93,2x63,8GUR,8GUR
TM2,94,2x64,8GUR,8GUR
TM2,95,2x65,8GUR,8GUR
TM2,96,2x66,8GUR,8GUR
ECL1,97,None,8GUR,8GUR
ECL1,98,None,8GUR,8GUR
ECL1,99,None,8GUR,8GUR
ECL1,100,None,8GUR,8GUR
ECL1,101,None,8GUR,8GUR
TM3,102,3x21,8GUR,8GUR
TM3,103,3x22,8GUR,8GUR
TM3,104,3x23,8GUR,8GUR
TM3,105,3x24,8GUR,8GUR
TM3,106,3x25,8GUR,8GUR
TM3,107,3x26,8GUR,8GUR
TM3,108,3x27,8GUR,8GUR
TM3,109,3x28,8GUR,8GUR
TM3,110,3x29,8GUR,8GUR
TM3,111,3x30,8GUR,8GUR
TM3,112,3x31,8GUR,8GUR
TM3,113,3x32,8GUR,8GUR
TM3,114,3x33,8GUR,8GUR
TM3,115,3x34,8GUR,8GUR
TM3,116,3x35,8GUR,8GUR
TM3,117,3x36,8GUR,8GUR
TM3,118,3x37,8GUR,8GUR
TM3,119,3x38,8GUR,8GUR
TM3,120,3x39,8GUR,8GUR
TM3,121,3x40,8GUR,8GUR
TM3,122,3x41,8GUR,8GUR
TM3,123,3x42,8GUR,8GUR
TM3,124,3x43,8GUR,8GUR
TM3,125,3x44,8GUR,8GUR
TM3,126,3x45,8GUR,8GUR
TM3,127,3x46,8GUR,8GUR
TM3,128,3x47,8GUR,8GUR
TM3,129,3x48,8GUR,8GUR
TM3,130,3x49,8GUR,8GUR
TM3,131,3x50,8GUR,8GUR
TM3,132,3x51,8GUR,8GUR
TM3,133,3x52,8GUR,8GUR
TM3,134,3x53,8GUR,8GUR
TM3,135,3x54,8GUR,8GUR
TM3,136,3x55,8GUR,8GUR
TM3,137,3x56,8GUR,8GUR
ICL2,138,34x50,8GUR,8GUR
ICL2,139,34x51,8GUR,8GUR
ICL2,140,34x52,8GUR,8GUR
ICL2,141,34x53,8GUR,8GUR
ICL2,142,34x54,8GUR,8GUR
ICL2,143,34x55,8GUR,8GUR
ICL2,144,34x56,8GUR,8GUR
ICL2,145,34x57,8GUR,8GUR
TM4,146,4x38,8GUR,8GUR
TM4,147,4x39,8GUR,8GUR
TM4,148,4x40,8GUR,8GUR
TM4,149,4x41,8GUR,8GUR
TM4,150,4x42,8GUR,8GUR
TM4,151,4x43,8GUR,8GUR
TM4,152,4x44,8GUR,8GUR
TM4,153,4x45,8GUR,8GUR
TM4,154,4x46,8GUR,8GUR
TM4,155,4x47,8GUR,8GUR
TM4,156,4x48,8GUR,8GUR
TM4,157,4x49,8GUR,8GUR
TM4,158,4x50,8GUR,8GUR
TM4,159,4x51,8GUR,8GUR
TM4,160,4x52,8GUR,8GUR
TM4,161,4x53,8GUR,8GUR
TM4,162,4x54,8GUR,8GUR
TM4,163,4x55,8GUR,8GUR
TM4,164,4x56,8GUR,8GUR
TM4,165,4x57,8GUR,8GUR
TM4,166,4x58,8GUR,8GUR
TM4,167,4x59,8GUR,8GUR
TM4,168,4x60,8GUR,8GUR
TM4,169,4x61,8GUR,8GUR
TM4,170,4x62,8GUR,8GUR
TM4,171,4x63,8GUR,8GUR
ECL2,172,None,8GUR,8GUR
ECL2,173,None,8GUR,8GUR
ECL2,174,None,8GUR,8GUR
ECL2,175,None,8GUR,8GUR
ECL2,176,None,8GUR,8GUR
ECL2,177,None,8GUR,8GUR
ECL2,178,None,8GUR,8GUR
ECL2,179,None,8GUR,8GUR
ECL2,180,None,8GUR,8GUR
ECL2,181,None,8GUR,8GUR
ECL2,182,None,8GUR,8GUR
ECL2,183,None,8GUR,8GUR
ECL2,184,None,8GUR,8GUR
ECL2,185,None,8GUR,8GUR
ECL2,186,None,8GUR,8GUR
TM5,187,5x36,8GUR,8GUR
TM5,188,5x37,8GUR,8GUR
TM5,189,5x38,8GUR,8GUR
TM5,190,5x39,8GUR,8GUR
TM5,191,5x40,8GUR,8GUR
TM5,192,5x41,8GUR,8GUR
TM5,193,5x42,8GUR,8GUR
TM5,194,5x43,8GUR,8GUR
TM5,195,5x44,8GUR,8GUR
TM5,196,5x45,8GUR,8GUR
TM5,197,5x46,8GUR,8GUR
TM5,198,5x47,8GUR,8GUR
TM5,199,5x48,8GUR,8GUR
TM5,200,5x49,8GUR,8GUR
TM5,201,5x50,8GUR,8GUR
TM5,202,5x51,8GUR,8GUR
TM5,203,5x52,8GUR,8GUR
TM5,204,5x53,8GUR,8GUR
TM5,205,5x54,8GUR,8GUR
TM5,206,5x55,8GUR,8GUR
TM5,207,5x56,8GUR,8GUR
TM5,208,5x57,8GUR,8GUR
TM5,209,5x58,8GUR,8GUR
TM5,210,5x59,8GUR,8GUR
TM5,211,5x60,8GUR,8GUR
TM5,212,5x61,8GUR,8GUR
TM5,213,5x62,8GUR,8GUR
TM5,214,5x63,8GUR,8GUR
TM5,215,5x64,8GUR,8GUR
TM5,216,5x65,8GUR,8GUR
TM5,217,5x66,8GUR,8GUR
TM5,218,5x67,8GUR,8GUR
TM5,219,5x68,8GUR,8GUR
TM5,220,5x69,8GUR,8GUR
TM5,221,5x70,8GUR,8GUR
TM5,222,5x71,8GUR,8GUR
TM5,223,5x72,8GUR,8GUR
TM5,224,5x73,8GUR,8GUR
TM5,225,5x74,8GUR,8GUR
ICL3,226,None,8GUR,8GUR
ICL3,227,None,8GUR,8GUR
ICL3,228,None,None,None
ICL3,229,None,None,None
ICL3,230,None,None,None
ICL3,231,None,None,None
ICL3,232,None,None,None
ICL3,233,None,None,None
ICL3,234,None,None,None
ICL3,235,None,None,None
ICL3,236,None,None,None
ICL3,237,None,8GUR,8GUR
TM6,238,6x28,8GUR,8GUR
TM6,239,6x29,8GUR,8GUR
TM6,240,6x30,8GUR,8GUR
TM6,241,6x31,8GUR,8GUR
TM6,242,6x32,8GUR,8GUR
TM6,243,6x33,8GUR,8GUR
TM6,244,6x34,8GUR,8GUR
TM6,245,6x35,8GUR,8GUR
TM6,246,6x36,8GUR,8GUR
TM6,247,6x37,8GUR,8GUR
TM6,248,6x38,8GUR,8GUR
TM6,249,6x39,8GUR,8GUR
TM6,250,6x40,8GUR,8GUR
TM6,251,6x41,8GUR,8GUR
TM6,252,6x42,8GUR,8GUR
TM6,253,6x43,8GUR,8GUR
TM6,254,6x44,8GUR,8GUR
TM6,255,6x45,8GUR,8GUR
TM6,256,6x46,8GUR,8GUR
TM6,257,6x47,8GUR,8GUR
TM6,258,6x48,8GUR,8GUR
TM6,259,6x49,8GUR,8GUR
TM6,260,6x50,8GUR,8GUR
TM6,261,6x51,8GUR,8GUR
TM6,262,6x52,8GUR,8GUR
TM6,263,6x53,8GUR,8GUR
TM6,264,6x54,8GUR,8GUR
TM6,265,6x55,8GUR,8GUR
TM6,266,6x56,8GUR,8GUR
TM6,267,6x57,8GUR,8GUR
TM6,268,6x58,8GUR,8GUR
TM6,269,6x59,8GUR,8GUR
TM6,270,6x60,8GUR,8GUR
TM6,271,6x61,8GUR,8GUR
ECL3,272,None,8GUR,8GUR
ECL3,273,None,8GUR,8GUR
TM7,274,7x27,8GUR,8GUR
TM7,275,7x28,8GUR,8GUR
TM7,276,7x29,8GUR,8GUR
TM7,277,7x30,8GUR,8GUR
TM7,278,7x31,8GUR,8GUR
TM7,279,7x32,8GUR,8GUR
TM7,280,7x33,8GUR,8GUR
TM7,281,7x34,8GUR,8GUR
TM7,282,7x35,8GUR,8GUR
TM7,283,7x36,8GUR,8GUR
TM7,284,7x37,8GUR,8GUR
TM7,285,7x38,8GUR,8GUR
TM7,286,7x39,8GUR,8GUR
TM7,287,7x40,8GUR,8GUR
TM7,288,7x41,8GUR,8GUR
TM7,289,7x42,8GUR,8GUR
TM7,290,7x43,8GUR,8GUR
TM7,291,7x45,8GUR,8GUR
TM7,292,7x46,8GUR,8GUR
TM7,293,7x47,8GUR,8GUR
TM7,294,7x48,8GUR,8GUR
TM7,295,7x49,8GUR,8GUR
TM7,296,7x50,8GUR,8GUR
TM7,297,7x51,8GUR,8GUR
TM7,298,7x52,8GUR,8GUR
TM7,299,7x53,8GUR,8GUR
TM7,300,7x54,8GUR,8GUR
TM7,301,7x55,8GUR,8GUR
TM7,302,7x56,8GUR,8GUR
H8,303,8x47,8GUR,8GUR
H8,304,8x48,8GUR,8GUR
H8,305,8x49,8GUR,8GUR
H8,306,8x50,8GUR,8GUR
H8,307,8x51,8GUR,8GUR
H8,308,8x52,8GUR,8GUR
H8,309,8x53,8GUR,8GUR
H8,310,8x54,8GUR,8GUR
H8,311,8x55,8GUR,8GUR
H8,312,8x56,8GUR,8GUR
H8,313,8x57,None,None
H8,314,8x58,None,None
H8,315,8x59,None,None
H8,316,8x60,None,None
H8,317,8x61,None,None
H8,318,8x62,None,None
H8,319,8x63,None,None
C-term,320,None,None,None
C-term,321,None,None,None
C-term,322,None,None,None
C-term,323,None,None,None
C-term,324,None,None,None
C-term,325,None,None,None
C-term,326,None,None,None
C-term,327,None,None,None
C-term,328,None,None,None
C-term,329,None,None,None
G.HN,1,G.HN.01,None,None
G.HN,2,G.HN.02,None,None
G.HN,3,G.HN.09,8GUR,8GUR
G.HN,4,G.HN.10,8GUR,8GUR
G.HN,5,G.HN.11,8GUR,8GUR
G.HN,6,G.HN.30,8GUR,8GUR
G.HN,7,G.HN.31,8GUR,8GUR
G.HN,8,G.HN.32,8GUR,8GUR
G.HN,9,G.HN.33,8GUR,8GUR
G.HN,10,G.HN.34,8GUR,8GUR
G.HN,11,G.HN.35,8GUR,8GUR
G.HN,12,G.HN.36,8GUR,8GUR
G.HN,13,G.HN.37,8GUR,8GUR
G.HN,14,G.HN.38,8GUR,8GUR
G.HN,15,G.HN.39,8GUR,8GUR
G.HN,16,G.HN.40,8GUR,8GUR
G.HN,17,G.HN.41,8GUR,8GUR
G.HN,18,G.HN.42,8GUR,8GUR
G.HN,19,G.HN.43,8GUR,8GUR
G.HN,20,G.HN.44,8GUR,8GUR
G.HN,21,G.HN.45,8GUR,8GUR
G.HN,22,G.HN.46,8GUR,8GUR
G.HN,23,G.HN.47,8GUR,8GUR
G.HN,24,G.HN.48,8GUR,8GUR
G.HN,25,G.HN.49,8GUR,8GUR
G.HN,26,G.HN.50,8GUR,8GUR
G.HN,27,G.HN.51,8GUR,8GUR
G.HN,28,G.HN.52,8GUR,8GUR
G.HN,29,G.HN.53,8GUR,8GUR
G.hns1,30,G.hns1.01,8GUR,8GUR
G.hns1,31,G.hns1.02,8GUR,8GUR
G.hns1,32,G.hns1.03,8GUR,8GUR
G.S1,33,G.S1.01,8GUR,8GUR
G.S1,34,G.S1.02,8GUR,8GUR
G.S1,35,G.S1.03,8GUR,8GUR
G.S1,36,G.S1.04,8GUR,8GUR
G.S1,37,G.S1.05,8GUR,8GUR
G.S1,38,G.S1.06,8GUR,8GUR
G.S1,39,G.S1.07,8GUR,8GUR
G.s1h1,40,G.s1h1.01,8GUR,8GUR
G.s1h1,41,G.s1h1.02,8GUR,8GUR
G.s1h1,42,G.s1h1.03,8GUR,8GUR
G.s1h1,43,G.s1h1.04,8GUR,8GUR
G.s1h1,44,G.s1h1.05,8GUR,8GUR
G.s1h1,45,G.s1h1.06,8GUR,8GUR
G.H1,46,G.H1.01,8GUR,8GUR
G.H1,47,G.H1.02,8GUR,8GUR
G.H1,48,G.H1.03,8GUR,8GUR
G.H1,49,G.H1.04,8GUR,8GUR
G.H1,50,G.H1.05,8GUR,8GUR
G.H1,51,G.H1.06,8GUR,8GUR
G.H1,52,G.H1.07,8GUR,8GUR
G.H1,53,G.H1.08,8GUR,8GUR
G.H1,54,G.H1.09,8GUR,8GUR
G.H1,55,G.H1.10,8GUR,8GUR
G.H1,56,G.H1.11,8GUR,8GUR
G.H1,57,G.H1.12,None,None
G.h1ha,58,G.h1ha.01,None,None
G.h1ha,59,G.h1ha.02,None,None
G.h1ha,60,G.h1ha.03,None,None
G.h1ha,61,G.h1ha.04,None,None
G.h1ha,62,G.h1ha.05,None,None
H.HA,63,H.HA.01,None,None
H.HA,64,H.HA.02,None,None
H.HA,65,H.HA.03,None,None
H.HA,66,H.HA.04,None,None
H.HA,67,H.HA.05,None,None
H.HA,68,H.HA.06,None,None
H.HA,69,H.HA.07,None,None
H.HA,70,H.HA.08,None,None
H.HA,71,H.HA.09,None,None
H.HA,72,H.HA.10,None,None
H.HA,73,H.HA.11,None,None
H.HA,74,H.HA.12,None,None
H.HA,75,H.HA.13,None,None
H.HA,76,H.HA.14,None,None
H.HA,77,H.HA.15,None,None
H.HA,78,H.HA.16,None,None
H.HA,79,H.HA.17,None,None
H.HA,80,H.HA.18,None,None
H.HA,81,H.HA.19,None,None
H.HA,82,H.HA.20,None,None
H.HA,83,H.HA.21,None,None
H.HA,84,H.HA.22,None,None
H.HA,85,H.HA.23,None,None
H.HA,86,H.HA.24,None,None
H.HA,87,H.HA.25,None,None
H.HA,88,H.HA.26,None,None
H.HA,89,H.HA.27,None,None
H.HA,90,H.HA.28,None,None
H.HA,91,H.HA.29,None,None
H.hahb,92,H.hahb.01,None,None
H.hahb,93,H.hahb.04,None,None
H.hahb,94,H.hahb.05,None,None
H.hahb,95,H.hahb.06,None,None
H.hahb,96,H.hahb.07,None,None
H.hahb,97,H.hahb.08,None,None
H.hahb,98,H.hahb.09,None,None
H.HB,99,H.HB.01,None,None
H.HB,100,H.HB.02,None,None
H.HB,101,H.HB.03,None,None
H.HB,102,H.HB.04,None,None
H.HB,103,H.HB.05,None,None
H.HB,104,H.HB.06,None,None
H.HB,105,H.HB.07,None,None
H.HB,106,H.HB.08,None,None
H.HB,107,H.HB.09,None,None
H.HB,108,H.HB.10,None,None
H.HB,109,H.HB.11,None,None
H.HB,110,H.HB.12,None,None
H.HB,111,H.HB.13,None,None
H.HB,112,H.HB.14,None,None
H.hbhc,113,H.hbhc.01,None,None
H.hbhc,114,H.hbhc.02,None,None
H.hbhc,115,H.hbhc.03,None,None
H.hbhc,116,H.hbhc.04,None,None
H.hbhc,117,H.hbhc.12,None,None
H.hbhc,118,H.hbhc.13,None,None
H.hbhc,119,H.hbhc.14,None,None
H.hbhc,120,H.hbhc.15,None,None
H.HC,121,H.HC.01,None,None
H.HC,122,H.HC.02,None,None
H.HC,123,H.HC.03,None,None
H.HC,124,H.HC.04,None,None
H.HC,125,H.HC.05,None,None
H.HC,126,H.HC.06,None,None
H.HC,127,H.HC.07,None,None
H.HC,128,H.HC.08,None,None
H.HC,129,H.HC.09,None,None
H.HC,130,H.HC.10,None,None
H.HC,131,H.HC.11,None,None
H.HC,132,H.HC.12,None,None
H.hchd,133,H.hchd.01,None,None
H.HD,134,H.HD.01,None,None
H.HD,135,H.HD.02,None,None
H.HD,136,H.HD.03,None,None
H.HD,137,H.HD.04,None,None
H.HD,138,H.HD.05,None,None
H.HD,139,H.HD.06,None,None
H.HD,140,H.HD.07,None,None
H.HD,141,H.HD.08,None,None
H.HD,142,H.HD.09,None,None
H.HD,143,H.HD.10,None,None
H.HD,144,H.HD.11,None,None
H.HD,145,H.HD.12,None,None
H.hdhe,146,H.hdhe.01,None,None
H.hdhe,147,H.hdhe.02,None,None
H.hdhe,148,H.hdhe.03,None,None
H.hdhe,149,H.hdhe.04,None,None
H.hdhe,150,H.hdhe.05,None,None
H.HE,151,H.HE.01,None,None
H.HE,152,H.HE.02,None,None
H.HE,153,H.HE.03,None,None
H.HE,154,H.HE.04,None,None
H.HE,155,H.HE.05,None,None
H.HE,156,H.HE.06,None,None
H.HE,157,H.HE.07,None,None
H.HE,158,H.HE.08,None,None
H.HE,159,H.HE.09,None,None
H.HE,160,H.HE.10,None,None
H.HE,161,H.HE.11,None,None
H.HE,162,H.HE.12,None,None
H.HE,163,H.HE.13,None,None
H.hehf,164,H.hehf.01,None,None
H.hehf,165,H.hehf.02,None,None
H.hehf,166,H.hehf.03,None,None
H.hehf,167,H.hehf.04,None,None
H.hehf,168,H.hehf.05,None,None
H.hehf,169,H.hehf.06,None,None
H.hehf,170,H.hehf.07,None,None
H.HF,171,H.HF.01,None,None
H.HF,172,H.HF.02,None,None
H.HF,173,H.HF.03,None,None
H.HF,174,H.HF.04,None,None
H.HF,175,H.HF.05,None,None
H.HF,176,H.HF.06,None,None
G.hfs2,177,G.hfs2.01,None,None
G.hfs2,178,G.hfs2.02,None,None
G.hfs2,179,G.hfs2.03,None,None
G.hfs2,180,G.hfs2.04,None,None
G.hfs2,181,G.hfs2.05,None,None
G.hfs2,182,G.hfs2.06,8GUR,8GUR
G.hfs2,183,G.hfs2.07,8GUR,8GUR
G.S2,184,G.S2.01,8GUR,8GUR
G.S2,185,G.S2.02,8GUR,8GUR
G.S2,186,G.S2.03,8GUR,8GUR
G.S2,187,G.S2.04,8GUR,8GUR
G.S2,188,G.S2.05,8GUR,8GUR
G.S2,189,G.S2.06,8GUR,8GUR
G.S2,190,G.S2.07,8GUR,8GUR
G.S2,191,G.S2.08,8GUR,8GUR
G.s2s3,192,G.s2s3.01,8GUR,8GUR
G.s2s3,193,G.s2s3.02,8GUR,8GUR
G.S3,194,G.S3.01,8GUR,8GUR
G.S3,195,G.S3.02,8GUR,8GUR
G.S3,196,G.S3.03,8GUR,8GUR
G.S3,197,G.S3.04,8GUR,8GUR
G.S3,198,G.S3.05,8GUR,8GUR
G.S3,199,G.S3.06,8GUR,8GUR
G.S3,200,G.S3.07,8GUR,8GUR
G.S3,201,G.S3.08,8GUR,8GUR
G.s3h2,202,G.s3h2.01,8GUR,8GUR
G.s3h2,203,G.s3h2.02,8GUR,8GUR
G.s3h2,204,G.s3h2.03,8GUR,8GUR
G.H2,205,G.H2.01,8GUR,8GUR
G.H2,206,G.H2.02,8GUR,8GUR
G.H2,207,G.H2.03,8GUR,8GUR
G.H2,208,G.H2.04,8GUR,8GUR
G.H2,209,G.H2.05,8GUR,8GUR
G.H2,210,G.H2.06,8GUR,8GUR
G.H2,211,G.H2.07,8GUR,8GUR
G.H2,212,G.H2.08,8GUR,8GUR
G.H2,213,G.H2.09,8GUR,8GUR
G.H2,214,G.H2.10,8GUR,8GUR
G.h2s4,215,G.h2s4.01,8GUR,8GUR
G.h2s4,216,G.h2s4.02,8GUR,8GUR
G.h2s4,217,G.h2s4.03,8GUR,8GUR
G.h2s4,218,G.h2s4.04,8GUR,8GUR
G.h2s4,219,G.h2s4.05,8GUR,8GUR
G.S4,220,G.S4.01,8GUR,8GUR
G.S4,221,G.S4.02,8GUR,8GUR
G.S4,222,G.S4.03,8GUR,8GUR
G.S4,223,G.S4.04,8GUR,8GUR
G.S4,224,G.S4.05,8GUR,8GUR
G.S4,225,G.S4.06,8GUR,8GUR
G.S4,226,G.S4.07,8GUR,8GUR
G.s4h3,227,G.s4h3.01,8GUR,8GUR
G.s4h3,228,G.s4h3.02,8GUR,8GUR
G.s4h3,229,G.s4h3.03,8GUR,8GUR
G.s4h3,230,G.s4h3.04,8GUR,8GUR
G.s4h3,231,G.s4h3.05,8GUR,8GUR
G.s4h3,232,G.s4h3.06,8GUR,8GUR
G.s4h3,233,G.s4h3.07,8GUR,8GUR
G.s4h3,234,G.s4h3.08,8GUR,8GUR
G.s4h3,235,G.s4h3.09,8GUR,8GUR
G.s4h3,236,G.s4h3.10,8GUR,8GUR
G.s4h3,237,G.s4h3.11,8GUR,8GUR
G.s4h3,238,G.s4h3.12,8GUR,8GUR
G.s4h3,239,G.s4h3.13,8GUR,8GUR
G.s4h3,240,G.s4h3.14,8GUR,8GUR
G.s4h3,241,G.s4h3.15,8GUR,8GUR
G.H3,242,G.H3.01,8GUR,8GUR
G.H3,243,G.H3.02,8GUR,8GUR
G.H3,244,G.H3.03,8GUR,8GUR
G.H3,245,G.H3.04,8GUR,8GUR
G.H3,246,G.H3.05,8GUR,8GUR
G.H3,247,G.H3.06,8GUR,8GUR
G.H3,248,G.H3.07,8GUR,8GUR
G.H3,249,G.H3.08,8GUR,8GUR
G.H3,250,G.H3.09,8GUR,8GUR
G.H3,251,G.H3.10,8GUR,8GUR
G.H3,252,G.H3.11,8GUR,8GUR
G.H3,253,G.H3.12,8GUR,8GUR
G.H3,254,G.H3.13,8GUR,8GUR
G.H3,255,G.H3.14,8GUR,8GUR
G.H3,256,G.H3.15,8GUR,8GUR
G.H3,257,G.H3.16,8GUR,8GUR
G.H3,258,G.H3.17,8GUR,8GUR
G.H3,259,G.H3.18,8GUR,8GUR
G.h3s5,260,G.h3s5.01,8GUR,8GUR
G.h3s5,261,G.h3s5.02,8GUR,8GUR
G.h3s5,262,G.h3s5.03,8GUR,8GUR
G.S5,263,G.S5.01,8GUR,8GUR
G.S5,264,G.S5.02,8GUR,8GUR
G.S5,265,G.S5.03,8GUR,8GUR
G.S5,266,G.S5.04,8GUR,8GUR
G.S5,267,G.S5.05,8GUR,8GUR
G.S5,268,G.S5.06,8GUR,8GUR
G.S5,269,G.S5.07,8GUR,8GUR
G.s5hg,270,G.s5hg.01,8GUR,8GUR
G.HG,271,G.HG.01,8GUR,8GUR
G.HG,272,G.HG.02,8GUR,8GUR
G.HG,273,G.HG.03,8GUR,8GUR
G.HG,274,G.HG.04,8GUR,8GUR
G.HG,275,G.HG.05,8GUR,8GUR
G.HG,276,G.HG.06,8GUR,8GUR
G.HG,277,G.HG.07,8GUR,8GUR
G.HG,278,G.HG.08,8GUR,8GUR
G.HG,279,G.HG.09,8GUR,8GUR
G.HG,280,G.HG.12,8GUR,8GUR
G.HG,281,G.HG.13,8GUR,8GUR
G.HG,282,G.HG.14,8GUR,8GUR
G.HG,283,G.HG.15,8GUR,8GUR
G.HG,284,G.HG.16,8GUR,8GUR
G.HG,285,G.HG.17,8GUR,8GUR
G.hgh4,286,G.hgh4.01,8GUR,8GUR
G.hgh4,287,G.hgh4.02,8GUR,8GUR
G.hgh4,288,G.hgh4.03,8GUR,8GUR
G.hgh4,289,G.hgh4.04,8GUR,8GUR
G.hgh4,290,G.hgh4.05,8GUR,8GUR
G.hgh4,291,G.hgh4.06,8GUR,8GUR
G.hgh4,292,G.hgh4.07,8GUR,8GUR
G.hgh4,293,G.hgh4.08,8GUR,8GUR
G.H4,294,G.H4.01,8GUR,8GUR
G.H4,295,G.H4.02,8GUR,8GUR
G.H4,296,G.H4.03,8GUR,8GUR
G.H4,297,G.H4.04,8GUR,8GUR
G.H4,298,G.H4.05,8GUR,8GUR
G.H4,299,G.H4.06,8GUR,8GUR
G.H4,300,G.H4.07,8GUR,8GUR
G.H4,301,G.H4.08,8GUR,8GUR
G.H4,302,G.H4.10,8GUR,8GUR
G.H4,303,G.H4.11,8GUR,8GUR
G.H4,304,G.H4.12,8GUR,8GUR
G.H4,305,G.H4.13,8GUR,8GUR
G.H4,306,G.H4.14,8GUR,8GUR
G.H4,307,G.H4.15,8GUR,8GUR
G.H4,308,G.H4.16,8GUR,8GUR
G.H4,309,G.H4.17,8GUR,8GUR
G.h4s6,310,G.h4s6.01,8GUR,8GUR
G.h4s6,311,G.h4s6.02,8GUR,8GUR
G.h4s6,312,G.h4s6.03,8GUR,8GUR
G.h4s6,313,G.h4s6.04,8GUR,8GUR
G.h4s6,314,G.h4s6.08,8GUR,8GUR
G.h4s6,315,G.h4s6.09,8GUR,8GUR
G.h4s6,316,G.h4s6.10,8GUR,8GUR
G.h4s6,317,G.h4s6.11,8GUR,8GUR
G.h4s6,318,G.h4s6.12,8GUR,8GUR
G.S6,319,G.S6.01,8GUR,8GUR
G.S6,320,G.S6.02,8GUR,8GUR
G.S6,321,G.S6.03,8GUR,8GUR
G.S6,322,G.S6.04,8GUR,8GUR
G.S6,323,G.S6.05,8GUR,8GUR
G.s6h5,324,G.s6h5.01,8GUR,8GUR
G.s6h5,325,G.s6h5.02,8GUR,8GUR
G.s6h5,326,G.s6h5.03,8GUR,8GUR
G.s6h5,327,G.s6h5.04,8GUR,8GUR
G.s6h5,328,G.s6h5.05,8GUR,8GUR
G.H5,329,G.H5.01,8GUR,8GUR
G.H5,330,G.H5.02,8GUR,8GUR
G.H5,331,G.H5.03,8GUR,8GUR
G.H5,332,G.H5.04,8GUR,8GUR
G.H5,333,G.H5.05,8GUR,8GUR
G.H5,334,G.H5.06,8GUR,8GUR
G.H5,335,G.H5.07,8GUR,8GUR
G.H5,336,G.H5.08,8GUR,8GUR
G.H5,337,G.H5.09,8GUR,8GUR
G.H5,338,G.H5.10,8GUR,8GUR
G.H5,339,G.H5.11,8GUR,8GUR
G.H5,340,G.H5.12,8GUR,8GUR
G.H5,341,G.H5.13,8GUR,8GUR
G.H5,342,G.H5.14,8GUR,8GUR
G.H5,343,G.H5.15,8GUR,8GUR
G.H5,344,G.H5.16,8GUR,8GUR
G.H5,345,G.H5.17,8GUR,8GUR
G.H5,346,G.H5.18,8GUR,8GUR
G.H5,347,G.H5.19,8GUR,8GUR
G.H5,348,G.H5.20,8GUR,8GUR
G.H5,349,G.H5.21,8GUR,8GUR
G.H5,350,G.H5.22,8GUR,8GUR
G.H5,351,G.H5.23,8GUR,8GUR
G.H5,352,G.H5.24,8GUR,8GUR
G.H5,353,G.H5.25,8GUR,8GUR
G.H5,354,G.H5.26,8GUR,8GUR
Beta,2,None,8GUR,8GUR
Beta,3,None,8GUR,8GUR
Beta,4,None,8GUR,8GUR
Beta,5,None,8GUR,8GUR
Beta,6,None,8GUR,8GUR
Beta,7,None,8GUR,8GUR
Beta,8,None,8GUR,8GUR
Beta,9,None,8GUR,8GUR
Beta,10,None,8GUR,8GUR
Beta,11,None,8GUR,8GUR
Beta,12,None,8GUR,8GUR
Beta,13,None,8GUR,8GUR
Beta,14,None,8GUR,8GUR
Beta,15,None,8GUR,8GUR
Beta,16,None,8GUR,8GUR
Beta,17,None,8GUR,8GUR
Beta,18,None,8GUR,8GUR
Beta,19,None,8GUR,8GUR
Beta,20,None,8GUR,8GUR
Beta,21,None,8GUR,8GUR
Beta,22,None,8GUR,8GUR
Beta,23,None,8GUR,8GUR
Beta,24,None,8GUR,8GUR
Beta,25,None,8GUR,8GUR
Beta,26,None,8GUR,8GUR
Beta,27,None,8GUR,8GUR
Beta,28,None,8GUR,8GUR
Beta,29,None,8GUR,8GUR
Beta,30,None,8GUR,8GUR
Beta,31,None,8GUR,8GUR
Beta,32,None,8GUR,8GUR
Beta,33,None,8GUR,8GUR
Beta,34,None,8GUR,8GUR
Beta,35,None,8GUR,8GUR
Beta,36,None,8GUR,8GUR
Beta,37,None,8GUR,8GUR
Beta,38,None,8GUR,8GUR
Beta,39,None,8GUR,8GUR
Beta,40,None,8GUR,8GUR
Beta,41,None,8GUR,8GUR
Beta,42,None,8GUR,8GUR
Beta,43,None,8GUR,8GUR
Beta,44,None,8GUR,8GUR
Beta,45,None,8GUR,8GUR
Beta,46,None,8GUR,8GUR
Beta,47,None,8GUR,8GUR
Beta,48,None,8GUR,8GUR
Beta,49,None,8GUR,8GUR
Beta,50,None,8GUR,8GUR
Beta,51,None,8GUR,8GUR
Beta,52,None,8GUR,8GUR
Beta,53,None,8GUR,8GUR
Beta,54,None,8GUR,8GUR
Beta,55,None,8GUR,8GUR
Beta,56,None,8GUR,8GUR
Beta,57,None,8GUR,8GUR
Beta,58,None,8GUR,8GUR
Beta,59,None,8GUR,8GUR
Beta,60,None,8GUR,8GUR
Beta,61,None,8GUR,8GUR
Beta,62,None,8GUR,8GUR
Beta,63,None,8GUR,8GUR
Beta,64,None,8GUR,8GUR
Beta,65,None,8GUR,8GUR
Beta,66,None,8GUR,8GUR
Beta,67,None,8GUR,8GUR
Beta,68,None,8GUR,8GUR
Beta,69,None,8GUR,8GUR
Beta,70,None,8GUR,8GUR
Beta,71,None,8GUR,8GUR
Beta,72,None,8GUR,8GUR
Beta,73,None,8GUR,8GUR
Beta,74,None,8GUR,8GUR
Beta,75,None,8GUR,8GUR
Beta,76,None,8GUR,8GUR
Beta,77,None,8GUR,8GUR
Beta,78,None,8GUR,8GUR
Beta,79,None,8GUR,8GUR
Beta,80,None,8GUR,8GUR
Beta,81,None,8GUR,8GUR
Beta,82,None,8GUR,8GUR
Beta,83,None,8GUR,8GUR
Beta,84,None,8GUR,8GUR
Beta,85,None,8GUR,8GUR
Beta,86,None,8GUR,8GUR
Beta,87,None,8GUR,8GUR
Beta,88,None,8GUR,8GUR
Beta,89,None,8GUR,8GUR
Beta,90,None,8GUR,8GUR
Beta,91,None,8GUR,8GUR
Beta,92,None,8GUR,8GUR
Beta,93,None,8GUR,8GUR
Beta,94,None,8GUR,8GUR
Beta,95,None,8GUR,8GUR
Beta,96,None,8GUR,8GUR
Beta,97,None,8GUR,8GUR
Beta,98,None,8GUR,8GUR
Beta,99,None,8GUR,8GUR
Beta,100,None,8GUR,8GUR
Beta,101,None,8GUR,8GUR
Beta,102,None,8GUR,8GUR
Beta,103,None,8GUR,8GUR
Beta,104,None,8GUR,8GUR
Beta,105,None,8GUR,8GUR
Beta,106,None,8GUR,8GUR
Beta,107,None,8GUR,8GUR
Beta,108,None,8GUR,8GUR
Beta,109,None,8GUR,8GUR
Beta,110,None,8GUR,8GUR
Beta,111,None,8GUR,8GUR
Beta,112,None,8GUR,8GUR
Beta,113,None,8GUR,8GUR
Beta,114,None,8GUR,8GUR
Beta,115,None,8GUR,8GUR
Beta,116,None,8GUR,8GUR
Beta,117,None,8GUR,8GUR
Beta,118,None,8GUR,8GUR
Beta,119,None,8GUR,8GUR
Beta,120,None,8GUR,8GUR
Beta,121,None,8GUR,8GUR
Beta,122,None,8GUR,8GUR
Beta,123,None,8GUR,8GUR
Beta,124,None,8GUR,8GUR
Beta,125,None,8GUR,8GUR
Beta,126,None,8GUR,8GUR
Beta,127,None,8GUR,8GUR
Beta,128,None,8GUR,8GUR
Beta,129,None,8GUR,8GUR
Beta,130,None,8GUR,8GUR
Beta,131,None,8GUR,8GUR
Beta,132,None,8GUR,8GUR
Beta,133,None,8GUR,8GUR
Beta,134,None,8GUR,8GUR
Beta,135,None,8GUR,8GUR
Beta,136,None,8GUR,8GUR
Beta,137,None,8GUR,8GUR
Beta,138,None,8GUR,8GUR
Beta,139,None,8GUR,8GUR
Beta,140,None,8GUR,8GUR
Beta,141,None,8GUR,8GUR
Beta,142,None,8GUR,8GUR
Beta,143,None,8GUR,8GUR
Beta,144,None,8GUR,8GUR
Beta,145,None,8GUR,8GUR
Beta,146,None,8GUR,8GUR
Beta,147,None,8GUR,8GUR
Beta,148,None,8GUR,8GUR
Beta,149,None,8GUR,8GUR
Beta,150,None,8GUR,8GUR
Beta,151,None,8GUR,8GUR
Beta,152,None,8GUR,8GUR
Beta,153,None,8GUR,8GUR
Beta,154,None,8GUR,8GUR
Beta,155,None,8GUR,8GUR
Beta,156,None,8GUR,8GUR
Beta,157,None,8GUR,8GUR
Beta,158,None,8GUR,8GUR
Beta,159,None,8GUR,8GUR
Beta,160,None,8GUR,8GUR
Beta,161,None,8GUR,8GUR
Beta,162,None,8GUR,8GUR
Beta,163,None,8GUR,8GUR
Beta,164,None,8GUR,8GUR
Beta,165,None,8GUR,8GUR
Beta,166,None,8GUR,8GUR
Beta,167,None,8GUR,8GUR
Beta,168,None,8GUR,8GUR
Beta,169,None,8GUR,8GUR
Beta,170,None,8GUR,8GUR
Beta,171,None,8GUR,8GUR
Beta,172,None,8GUR,8GUR
Beta,173,None,8GUR,8GUR
Beta,174,None,8GUR,8GUR
Beta,175,None,8GUR,8GUR
Beta,176,None,8GUR,8GUR
Beta,177,None,8GUR,8GUR
Beta,178,None,8GUR,8GUR
Beta,179,None,8GUR,8GUR
Beta,180,None,8GUR,8GUR
Beta,181,None,8GUR,8GUR
Beta,182,None,8GUR,8GUR
Beta,183,None,8GUR,8GUR
Beta,184,None,8GUR,8GUR
Beta,185,None,8GUR,8GUR
Beta,186,None,8GUR,8GUR
Beta,187,None,8GUR,8GUR
Beta,188,None,8GUR,8GUR
Beta,189,None,8GUR,8GUR
Beta,190,None,8GUR,8GUR
Beta,191,None,8GUR,8GUR
Beta,192,None,8GUR,8GUR
Beta,193,None,8GUR,8GUR
Beta,194,None,8GUR,8GUR
Beta,195,None,8GUR,8GUR
Beta,196,None,8GUR,8GUR
Beta,197,None,8GUR,8GUR
Beta,198,None,8GUR,8GUR
Beta,199,None,8GUR,8GUR
Beta,200,None,8GUR,8GUR
Beta,201,None,8GUR,8GUR
Beta,202,None,8GUR,8GUR
Beta,203,None,8GUR,8GUR
Beta,204,None,8GUR,8GUR
Beta,205,None,8GUR,8GUR
Beta,206,None,8GUR,8GUR
Beta,207,None,8GUR,8GUR
Beta,208,None,8GUR,8GUR
Beta,209,None,8GUR,8GUR
Beta,210,None,8GUR,8GUR
Beta,211,None,8GUR,8GUR
Beta,212,None,8GUR,8GUR
Beta,213,None,8GUR,8GUR
Beta,214,None,8GUR,8GUR
Beta,215,None,8GUR,8GUR
Beta,216,None,8GUR,8GUR
Beta,217,None,8GUR,8GUR
Beta,218,None,8GUR,8GUR
Beta,219,None,8GUR,8GUR
Beta,220,None,8GUR,8GUR
Beta,221,None,8GUR,8GUR
Beta,222,None,8GUR,8GUR
Beta,223,None,8GUR,8GUR
Beta,224,None,8GUR,8GUR
Beta,225,None,8GUR,8GUR
Beta,226,None,8GUR,8GUR
Beta,227,None,8GUR,8GUR
Beta,228,None,8GUR,8GUR
Beta,229,None,8GUR,8GUR
Beta,230,None,8GUR,8GUR
Beta,231,None,8GUR,8GUR
Beta,232,None,8GUR,8GUR
Beta,233,None,8GUR,8GUR
Beta,234,None,8GUR,8GUR
Beta,235,None,8GUR,8GUR
Beta,236,None,8GUR,8GUR
Beta,237,None,8GUR,8GUR
Beta,238,None,8GUR,8GUR
Beta,239,None,8GUR,8GUR
Beta,240,None,8GUR,8GUR
Beta,241,None,8GUR,8GUR
Beta,242,None,8GUR,8GUR
Beta,243,None,8GUR,8GUR
Beta,244,None,8GUR,8GUR
Beta,245,None,8GUR,8GUR
Beta,246,None,8GUR,8GUR
Beta,247,None,8GUR,8GUR
Beta,248,None,8GUR,8GUR
Beta,249,None,8GUR,8GUR
Beta,250,None,8GUR,8GUR
Beta,251,None,8GUR,8GUR
Beta,252,None,8GUR,8GUR
Beta,253,None,8GUR,8GUR
Beta,254,None,8GUR,8GUR
Beta,255,None,8GUR,8GUR
Beta,256,None,8GUR,8GUR
Beta,257,None,8GUR,8GUR
Beta,258,None,8GUR,8GUR
Beta,259,None,8GUR,8GUR
Beta,260,None,8GUR,8GUR
Beta,261,None,8GUR,8GUR
Beta,262,None,8GUR,8GUR
Beta,263,None,8GUR,8GUR
Beta,264,None,8GUR,8GUR
Beta,265,None,8GUR,8GUR
Beta,266,None,8GUR,8GUR
Beta,267,None,8GUR,8GUR
Beta,268,None,8GUR,8GUR
Beta,269,None,8GUR,8GUR
Beta,270,None,8GUR,8GUR
Beta,271,None,8GUR,8GUR
Beta,272,None,8GUR,8GUR
Beta,273,None,8GUR,8GUR
Beta,274,None,8GUR,8GUR
Beta,275,None,8GUR,8GUR
Beta,276,None,8GUR,8GUR
Beta,277,None,8GUR,8GUR
Beta,278,None,8GUR,8GUR
Beta,279,None,8GUR,8GUR
Beta,280,None,8GUR,8GUR
Beta,281,None,8GUR,8GUR
Beta,282,None,8GUR,8GUR
Beta,283,None,8GUR,8GUR
Beta,284,None,8GUR,8GUR
Beta,285,None,8GUR,8GUR
Beta,286,None,8GUR,8GUR
Beta,287,None,8GUR,8GUR
Beta,288,None,8GUR,8GUR
Beta,289,None,8GUR,8GUR
Beta,290,None,8GUR,8GUR
Beta,291,None,8GUR,8GUR
Beta,292,None,8GUR,8GUR
Beta,293,None,8GUR,8GUR
Beta,294,None,8GUR,8GUR
Beta,295,None,8GUR,8GUR
Beta,296,None,8GUR,8GUR
Beta,297,None,8GUR,8GUR
Beta,298,None,8GUR,8GUR
Beta,299,None,8GUR,8GUR
Beta,300,None,8GUR,8GUR
Beta,301,None,8GUR,8GUR
Beta,302,None,8GUR,8GUR
Beta,303,None,8GUR,8GUR
Beta,304,None,8GUR,8GUR
Beta,305,None,8GUR,8GUR
Beta,306,None,8GUR,8GUR
Beta,307,None,8GUR,8GUR
Beta,308,None,8GUR,8GUR
Beta,309,None,8GUR,8GUR
Beta,310,None,8GUR,8GUR
Beta,311,None,8GUR,8GUR
Beta,312,None,8GUR,8GUR
Beta,313,None,8GUR,8GUR
Beta,314,None,8GUR,8GUR
Beta,315,None,8GUR,8GUR
Beta,316,None,8GUR,8GUR
Beta,317,None,8GUR,8GUR
Beta,318,None,8GUR,8GUR
Beta,319,None,8GUR,8GUR
Beta,320,None,8GUR,8GUR
Beta,321,None,8GUR,8GUR
Beta,322,None,8GUR,8GUR
Beta,323,None,8GUR,8GUR
Beta,324,None,8GUR,8GUR
Beta,325,None,8GUR,8GUR
Beta,326,None,8GUR,8GUR
Beta,327,None,8GUR,8GUR
Beta,328,None,8GUR,8GUR
Beta,329,None,8GUR,8GUR
Beta,330,None,8GUR,8GUR
Beta,331,None,8GUR,8GUR
Beta,332,None,8GUR,8GUR
Beta,333,None,8GUR,8GUR
Beta,334,None,8GUR,8GUR
Beta,335,None,8GUR,8GUR
Beta,336,None,8GUR,8GUR
Beta,337,None,8GUR,8GUR
Beta,338,None,8GUR,8GUR
Beta,339,None,8GUR,8GUR
Beta,340,None,8GUR,8GUR
Gamma,6,None,8GUR,8GUR
Gamma,7,None,8GUR,8GUR
Gamma,8,None,8GUR,8GUR
Gamma,9,None,8GUR,8GUR
Gamma,10,None,8GUR,8GUR
Gamma,11,None,8GUR,8GUR
Gamma,12,None,8GUR,8GUR
Gamma,13,None,8GUR,8GUR
Gamma,14,None,8GUR,8GUR
Gamma,15,None,8GUR,8GUR
Gamma,16,None,8GUR,8GUR
Gamma,17,None,8GUR,8GUR
Gamma,18,None,8GUR,8GUR
Gamma,19,None,8GUR,8GUR
Gamma,20,None,8GUR,8GUR
Gamma,21,None,8GUR,8GUR
Gamma,22,None,8GUR,8GUR
Gamma,23,None,8GUR,8GUR
Gamma,24,None,8GUR,8GUR
Gamma,25,None,8GUR,8GUR
Gamma,26,None,8GUR,8GUR
Gamma,27,None,8GUR,8GUR
Gamma,28,None,8GUR,8GUR
Gamma,29,None,8GUR,8GUR
Gamma,30,None,8GUR,8GUR
Gamma,31,None,8GUR,8GUR
Gamma,32,None,8GUR,8GUR
Gamma,33,None,8GUR,8GUR
Gamma,34,None,8GUR,8GUR
Gamma,35,None,8GUR,8GUR
Gamma,36,None,8GUR,8GUR
Gamma,37,None,8GUR,8GUR
Gamma,38,None,8GUR,8GUR
Gamma,39,None,8GUR,8GUR
Gamma,40,None,8GUR,8GUR
Gamma,41,None,8GUR,8GUR
Gamma,42,None,8GUR,8GUR
Gamma,43,None,8GUR,8GUR
Gamma,44,None,8GUR,8GUR
Gamma,45,None,8GUR,8GUR
Gamma,46,None,8GUR,8GUR
Gamma,47,None,8GUR,8GUR
Gamma,48,None,8GUR,8GUR
Gamma,49,None,8GUR,8GUR
Gamma,50,None,8GUR,8GUR
Gamma,51,None,8GUR,8GUR
Gamma,52,None,8GUR,8GUR
Gamma,53,None,8GUR,8GUR
Gamma,54,None,8GUR,8GUR
Gamma,55,None,8GUR,8GUR
Gamma,56,None,8GUR,8GUR
Gamma,57,None,8GUR,8GUR
Gamma,58,None,8GUR,8GUR
Gamma,59,None,8GUR,8GUR
Gamma,60,None,8GUR,8GUR
Gamma,61,None,8GUR,8GUR
Gamma,62,None,8GUR,8GUR
Gamma,63,None,8GUR,8GUR
